design_pattern,R1,R2,RL,EX,single_choice_accuracy,multiple_choice_accuracy
Multi-agent,0.37875,0.1016371727393618,0.17141666666666666,0.47941666666666666,0.4656428502757933,0.23137126822986656
Planning,0.3179166666666667,0.08350487796159035,0.14058333333333334,0.3930833333333333,0.3933168698929715,0.19398535588089763
Reflection,0.4013333333333333,0.10992315953075925,0.18158333333333332,0.35083333333333333,0.3520447602490946,0.20844855055445377
Tool-use,0.39358333333333334,0.10774557832407972,0.18008333333333335,0.30416666666666664,0.3043313155070397,0.22355651996901446
