design_pattern,RS,EX,single_choice_accuracy,multiple_choice_accuracy
Multi-agent,0.466,0.47941666666666666,0.4656428502757933,0.23137126822986656
Planning,0.385,0.3930833333333333,0.3933168698929715,0.19398535588089763
Reflection,0.445,0.35083333333333333,0.3520447602490946,0.20844855055445377
Tool-use,0.443,0.30416666666666664,0.3043313155070397,0.22355651996901446
